Наименование;Начальная цена;Максимальная цена;Тип двигателя;Объём двигателя;Мощность двигателя;Коробка передач;Тип привода;Количество комплектаций
Toyota Camry XV80;16 499 000;26 190 000;Бензин/Гибрид;2,5 л;186-204 л.с.;Автомат/Вариатор;Передний;5 комплектаций
Chevrolet Tracker;10 240 000;10 740 000;Бензин;1-1,2 л;115-132 л.с.;Автомат;Передний;4 комплектации
Kia Sportage;12 290 000;19 590 000;Бензин;2-2,5 л;150-192 л.с.;Автомат;Передний/Полный;7 комплектаций
Geely Coolray;8 290 000;10 990 000;Бензин;1,5 л;174 л.с.;Робот;Передний;3 комплектации
Audi A6;39 950 000;61 500 000;Бензин;2 л;272-367 л.с.;Робот;Полный;1 комплектация
Zeekr 7X;20 790 000;26 990 000;Электричество;;422-630 л.с.;Автомат;Полный/Задний;3 комплектации
Lexus RX;33 900 000;61 590 000;Бензин/Гибрид;2,4-2,5 л;249-371 л.с.;Автомат/Вариатор;Полный;8 комплектаций
Jetour X50;6 890 000;8 390 000;Бензин;1,5 л;156 л.с.;Робот;Передний;2 комплектации
Geely Monjaro;15 590 000;16 990 000;Бензин;2 л;245 л.с.;Автомат;Полный;2 комплектации
Soueast S07;12 990 000;12 990 000;Бензин;1,6 л;197 л.с.;Автомат;Полный;1 комплектация
Porsche Cayenne Coupe;88 000 000;198 200 000;Бензин/Гибрид;3-4 л;353-739 л.с.;Автомат;Полный;7 комплектаций
Tank 500;25 844 700;32 990 000;Бензин;3 л;299-354 л.с.;Автомат;Полный;4 комплектации
BMW 5 серия;53 669 655;54 500 000;Бензин/Дизель/Гибрид;2-3 л;188-380 л.с.;Автомат;Полный/Задний;1 комплектация
Toyota Land Cruiser Prado J250;29 990 000;52 790 000;Бензин/Дизель;2,4-2,8 л;163-279 л.с.;Автомат;Полный;7 комплектаций
JAC J7 Plus;7 690 000;11 290 000;Бензин;1,5 л;174 л.с.;Робот;Передний;2 комплектации
Haval Jolion;8 746 500;10 531 500;Бензин;1,5 л;143-150 л.с.;Робот/Механика;Передний/Полный;7 комплектаций
GAC GS3;8 990 000;10 690 000;Бензин;1,5 л;170 л.с.;Робот;Передний;5 комплектаций
Skoda Karoq;15 590 000;17 990 000;Бензин;1,4-2 л;150-190 л.с.;Автомат/Робот;Передний/Полный;2 комплектации
Exeed LX;10 990 000;10 990 000;Бензин;1,5-1,6 л;147-150 л.с.;Вариатор/Робот;Передний;3 комплектации
Jeep Grand Cherokee;33 000 000;36 000 000;Бензин/Гибрид;2-5,7 л;270-357 л.с.;Автомат;Полный;9 комплектаций
MG ZS;7 490 000;8 490 000;Бензин;1,5 л;110-170 л.с.;Вариатор;Передний;2 комплектации
Haval H6 GT;13 190 000;13 190 000;Бензин;2 л;204 л.с.;Робот;Полный;1 комплектация
Exeed VX;14 300 000;14 300 000;Бензин;2 л;249 л.с.;Автомат;Полный;2 комплектации
Zeekr X;15 490 000;15 490 000;Электричество;;286-422 л.с.;Автомат;Полный/Задний;5 комплектаций
Geely Galaxy Preface;9 790 000;12 190 000;Бензин;2 л;197 л.с.;Робот;Передний;2 комплектации
Geely Galaxy Cityray;8 990 000;11 390 000;Бензин;1,5 л;147 л.с.;Робот;Передний;2 комплектации
Genesis GV70;31 790 000;45 090 000;Бензин;2,5-3,5 л;249-379 л.с.;Автомат;Полный;2 комплектации
Mercedes-Benz GLC-Класс;40 500 000;45 868 000;Бензин/Дизель/Гибрид;2 л;197-269 л.с.;Автомат;Полный;2 комплектации
Skoda Kodiaq;19 990 000;20 990 000;Бензин;2 л;190 л.с.;Робот;Полный;5 комплектаций
Kia EV9;35 990 000;35 990 000;Электричество;;385 л.с.;Автомат;Полный;1 комплектация
Lynk & Co 03;11 590 000;15 290 000;Бензин;2 л;218 л.с.;Робот;Передний;2 комплектации
BMW X2;32 456 944;34 532 236;Бензин;2 л;204-300 л.с.;Робот;Полный;2 комплектации
Subaru Forester;17 700 000;26 900 000;Бензин;2,5 л;185 л.с.;Вариатор;Полный;4 комплектации
Omoda C7;39 000 000;53 188 000;Бензин;1,6 л;150 л.с.;Робот;Передний;3 комплектации
Cadillac Escalade;85 000 000;104 000 000;Бензин;6,2 л;420-682 л.с.;Автомат;Полный/Задний;3 комплектации
Toyota Hilux AN120;21 000 000;35 490 000;Бензин/Дизель;2,4-2,7 л;150-166 л.с.;Автомат/Механика;Полный;3 комплектации
Chevrolet Tahoe;43 500 000;53 990 000;Бензин;5,3-6,2 л;409-420 л.с.;Автомат;Полный;1 комплектация
Chery Arrizo 6;7 290 000;8 290 000;Бензин;1,5 л;147 л.с.;Робот;Передний;1 комплектация
BYD Song Plus EV;12 890 000;14 490 000;Электричество;;204-218 л.с.;Автомат;Передний;2 комплектации
BYD Song Plus DM-i;14 990 000;16 290 000;Гибрид;1,5 л;307 л.с.;Вариатор;Передний;4 комплектации
Jetour T2;15 690 000;17 990 000;Бензин;2 л;254 л.с.;Автомат/Робот;Полный;2 комплектации
Rox 01;26 900 000;32 000 000;Гибрид;1,5 л;156-476 л.с.;Автомат;Полный;2 комплектации
MG 5;6 990 000;7 490 000;Бензин;1,5 л;110 л.с.;Вариатор;Передний;2 комплектации
MG HS;9 990 000;10 990 000;Бензин;1,5-2 л;170-231 л.с.;Автомат/Робот;Передний;2 комплектации
Maserati Grecale;45 400 000;59 000 000;Бензин;2-3 л;300-530 л.с.;Автомат;Полный;4 комплектации
RAM 1500;47 000 000;100 000 000;Бензин;3-6,2 л;305-702 л.с.;Автомат;Полный/Задний;9 комплектаций
Land Rover Range Rover Sport;93 541 000;152 543 000;Бензин/Дизель;3-4,4 л;249-530 л.с.;Автомат;Полный;9 комплектаций
Haval M6;7 908 300;9 039 300;Бензин;1,5 л;143 л.с.;Робот/Механика;Передний;4 комплектации
JAC RF8;16 890 000;16 890 000;Бензин;2 л;253 л.с.;Автомат;Передний;1 комплектация
Changan Hunter Plus;16 890 000;17 390 000;Бензин;2 л;226 л.с.;Автомат;Полный;1 комплектация
Jeep Wrangler;44 900 000;62 000 000;Бензин;2-6,4 л;270-470 л.с.;Автомат/Механика;Полный;8 комплектаций
JAC T6;14 290 000;14 290 000;Бензин/Дизель;2 л;136-177 л.с.;Механика;Полный;2 комплектации
Kia Seltos;9 550 000;13 990 000;Бензин;2 л;149 л.с.;Вариатор;Передний/Полный;8 комплектаций
Hyundai Tucson;12 490 000;15 880 000;Бензин;2-2,5 л;150-190 л.с.;Автомат;Передний/Полный;9 комплектаций
Mercedes-Benz GLE Coupe;60 500 000;87 000 000;Бензин/Дизель;2-4 л;194-612 л.с.;Автомат;Полный;2 комплектации
Li L6;19 500 000;27 730 000;Гибрид;1,5 л;408 л.с.;Автомат;Полный;2 комплектации
Li L7;21 990 000;33 960 000;Гибрид;1,5 л;449 л.с.;Автомат;Полный;3 комплектации
Toyota RAV4;17 600 000;28 990 000;Бензин/Гибрид;2-2,5 л;171-234 л.с.;Вариатор;Полный;7 комплектаций
Zeekr 9X;42 200 000;67 000 000;Гибрид;2 л;897-1381 л.с.;Автомат;Полный;3 комплектации
Lexus GX 550;54 499 900;69 290 000;Бензин;3,5 л;354 л.с.;Автомат;Полный;4 комплектации
BYD Sealion 7;15 000 000;19 990 000;Электричество;;313-530 л.с.;Автомат;Полный/Задний;2 комплектации
Chery Tiggo 7;8 700 000;11 990 000;Бензин/Гибрид;1,5-1,6 л;150-204 л.с.;Автомат/Робот;Передний/Полный;2 комплектации
Changan X5 Plus;7 550 000;8 850 000;Бензин;1,5 л;188 л.с.;Робот;Передний;3 комплектации
JAC T9;17 190 000;18 990 000;Бензин;2 л;224 л.с.;Автомат;Полный;1 комплектация
Audi Q7;55 000 000;62 900 000;Бензин;3 л;340 л.с.;Автомат;Полный;2 комплектации
Mercedes-Benz GLS-Класс;72 000 000;135 240 000;Бензин/Дизель;2,9-4 л;286-612 л.с.;Автомат;Полный;2 комплектации
Geely Okavango;11 690 000;13 690 000;Бензин;2 л;218 л.с.;Робот;Передний;2 комплектации
Lynk & Co 900;25 350 000;39 990 000;Гибрид;1,5-2 л;720-884 л.с.;Автомат;Полный;4 комплектации
Audi Q8;59 570 000;71 690 000;Бензин;3 л;340 л.с.;Автомат;Полный;4 комплектации
BYD Yuan Up;9 990 000;12 690 000;Электричество;;95-177 л.с.;Автомат;Передний;3 комплектации
Li L9;34 990 000;52 025 000;Гибрид;1,5 л;449 л.с.;Автомат;Полный;2 комплектации
BMW X3;40 000 000;59 024 000;Бензин/Дизель/Гибрид;2-3 л;197-381 л.с.;Автомат;Полный;2 комплектации
Soueast S09;15 490 000;15 490 000;Бензин;2 л;254 л.с.;Автомат;Полный;1 комплектация
BMW X6;47 000 000;75 300 000;Бензин/Дизель;3-4,4 л;298-625 л.с.;Автомат;Полный;2 комплектации
Toyota Land Cruiser;54 800 000;79 990 000;Бензин;3,5-4 л;275-415 л.с.;Автомат;Полный;7 комплектаций
Tank 300;18 990 500;23 290 000;Бензин;2 л;220 л.с.;Автомат;Полный;2 комплектации
Jetour Dashing;9 490 000;10 490 000;Бензин;1,5-1,6 л;147-190 л.с.;Робот;Передний;1 комплектация
BMW X7;75 000 000;105 208 553;Бензин/Дизель;3-4,4 л;352-530 л.с.;Автомат;Полный;2 комплектации
Haval H6 FL;10 290 000;14 990 000;Бензин;1,5-2 л;184-238 л.с.;Робот;Передний/Полный;4 комплектации
Haval H5;14 775 200;16 007 200;Бензин;2 л;200 л.с.;Автомат;Полный;2 комплектации
Lexus LX;64 500 000;102 500 000;Бензин/Дизель;3,3-3,5 л;299-415 л.с.;Автомат;Полный;6 комплектаций
Lexus NX;30 839 900;38 090 000;Бензин;2-2,5 л;149-279 л.с.;Автомат/Вариатор;Передний/Полный;5 комплектаций
Kia Sorento;16 990 000;25 490 000;Бензин;2,5 л;179-249 л.с.;Автомат;Полный;6 комплектаций
JAC JS4;6 990 000;9 490 000;Бензин;1,5-1,6 л;109-136 л.с.;Вариатор/Механика;Передний;4 комплектации
Toyota Hilux;26 300 000;35 490 000;Бензин;2,7 л;166 л.с.;Механика;Полный;1 комплектация
GAC GS8;15 990 000;17 990 000;Бензин;2 л;231 л.с.;Автомат;Полный;4 комплектации
Changan CS35 Max;8 990 000;9 390 000;Бензин;1,5 л;147 л.с.;Робот;Передний;1 комплектация
GAC Empow;9 990 000;11 490 000;Бензин;1,5 л;170 л.с.;Робот;Передний;2 комплектации
Porsche Cayenne;88 000 000;123 121 800;Бензин/Гибрид;3-4 л;304-599 л.с.;Автомат;Полный;6 комплектаций
Land Rover Range Rover;80 000 000;142 277 000;Бензин/Дизель/Гибрид;3-4,4 л;249-615 л.с.;Автомат;Полный;4 комплектации
Changan CS75 Plus;10 200 000;14 090 000;Бензин;1,5-2 л;181-235 л.с.;Автомат;Передний/Полный;1 комплектация
GAC GS4 Max;11 590 000;12 890 000;Бензин;1,5-2 л;170-248 л.с.;Автомат/Робот;Передний/Полный;1 комплектация
Kia Soluto;6 490 000;7 490 000;Бензин;1,4 л;95 л.с.;Автомат;Передний;2 комплектации
Soueast S06;11 490 000;11 490 000;Бензин;1,6 л;186 л.с.;Автомат;Полный;1 комплектация
Chevrolet Captiva;11 690 000;12 690 000;Бензин;1,5 л;149 л.с.;Вариатор;Передний;1 комплектация
Kaiyi X3 Pro;28 500 000;28 500 000;Бензин;1,5 л;147 л.с.;Вариатор;Передний;1 комплектация
Kaiyi E5;20 790 000;26 990 000;Бензин;1,5 л;147 л.с.;Вариатор/Механика;Передний;3 комплектации
Kaiyi X3;9 090 000;9 790 000;Бензин;1,5 л;113 л.с.;Вариатор/Механика;Передний;3 комплектации
Kaiyi X7;20 500 000;20 500 000;Бензин;1,6-2 л;186-238 л.с.;Робот;Передний/Полный;5 комплектаций
ВАЗ (Lada) Niva Travel;36 071 360;37 024 069;Бензин;1,7 л;80 л.с.;Механика;Полный;4 комплектации
Cadillac XT5;35 000 000;35 000 000;Бензин;2-3,7 л;200-314 л.с.;Автомат;Полный;2 комплектации
ВАЗ (Lada) Vesta SW;67 000 000;78 500 000;Бензин;1,6-1,8 л;106-122 л.с.;Вариатор/Механика;Передний;3 комплектации
BMW X1;27 405 000;36 529 920;Бензин/Дизель;1,5-2 л;136-241 л.с.;Робот;Передний/Полный;2 комплектации
Mini Countryman;19 690 000;21 690 000;Бензин/Гибрид/Электричество;150-313 л.с.;Робот;Передний/Полный;2 комплектации
Mercedes-Benz V-Класс;24 210 000;24 210 000;Бензин/Дизель;2-2,1 л;136-211 л.с.;Автомат;Полный/Задний;2 комплектации
Mercedes-Benz GLA-Класс;12 000 000;12 000 000;Бензин/Гибрид;1,3-2 л;136-306 л.с.;Робот;Передний/Полный;1 комплектация
Subaru Crosstrek;25 690 000;29 990 000;Бензин;2 л;150 л.с.;Вариатор;Полный;3 комплектации
Genesis G70;8 500 000;9 500 000;Бензин;2-3,3 л;247-370 л.с.;Автомат;Полный/Задний;1 комплектация
Wuling Starlight;10 390 000;12 400 000;Гибрид;1,5 л;106-204 л.с.;Автомат;Передний;3 комплектации
Lynk & Co 09;9 500 000;9 880 000;Гибрид;2 л;254 л.с.;Автомат;Полный;2 комплектации
BYD Destroyer 05;10 800 000;18 490 000;Гибрид;1,5 л;180-197 л.с.;Вариатор;Передний;5 комплектаций
Audi SQ5;6 731 025;15 099 000;Бензин;3 л;349 л.с.;Автомат;Полный;1 комплектация
Mitsubishi ASX;18 490 000;23 890 000;Бензин;1,6-2 л;117-150 л.с.;Вариатор/Механика;Передний/Полный;6 комплектаций
Jaecoo J7;100 000 000;105 000 000;Бензин;1,6 л;186 л.с.;Робот;Передний/Полный;3 комплектации
Omoda C5 FL;40 990 000;40 990 000;Бензин;1,5 л;113-147 л.с.;Вариатор;Передний;3 комплектации
Lynk & Co 08;38 000 000;85 000 000;Гибрид;1,5 л;350 л.с.;Автомат;Передний/Полный;2 комплектации
Maserati GranCabrio;66 000 000;66 000 000;Бензин/Электричество;550-761 л.с.;Автомат;Полный/Задний;2 комплектации
Kia K9;36 600 000;36 600 000;Бензин;3,3 л;249 л.с.;Автомат;Полный;1 комплектация
Mercedes-Benz E-Класс;23 250 000;32 800 000;Бензин/Дизель/Гибрид;2-3 л;197-449 л.с.;Автомат;Полный/Задний;3 комплектации
Audi RS 6;8 690 000;8 690 000;Бензин/Гибрид;4 л;600 л.с.;Автомат;Полный;1 комплектация
Audi Q5;17 490 000;17 800 000;Бензин;2-3 л;249 л.с.;Автомат/Робот;Полный;4 комплектации
Toyota Highlander;33 990 000;33 990 000;Бензин;2,4 л;249 л.с.;Автомат;Полный;2 комплектации
ВАЗ (Lada) 2121 (4x4);6 690 000;6 690 000;Бензин;1,7 л;83 л.с.;Механика;Полный;4 комплектации
Voyah Free;11 990 000;13 490 000;Гибрид;1,5 л;489-510 л.с.;Автомат;Полный;1 комплектация
Chevrolet Traverse;9 990 000;10 690 000;Бензин;2,5 л;328 л.с.;Автомат;Полный;1 комплектация
JAC S3 Pro;58 500 000;85 700 000;Бензин;1,6 л;109 л.с.;Вариатор/Механика;Передний;4 комплектации
Deepal S09;20 000 000;25 000 000;Гибрид;1,5 л;314-492 л.с.;Автомат;Полный/Задний;4 комплектации
Changan CS55 Plus;38 990 000;51 990 000;Бензин;1,5 л;181 л.с.;Робот;Передний;3 комплектации
Volkswagen Touareg;17 490 000;19 790 000;Бензин/Дизель/Гибрид;2-3 л;231-340 л.с.;Автомат;Полный;4 комплектации
Skoda Octavia;7 590 000;9 190 000;Бензин;1,4-2 л;150-204 л.с.;Автомат/Робот;Передний/Полный;3 комплектации
Chery Tiggo 4;8 890 000;12 190 000;Бензин;1,5 л;113-147 л.с.;Вариатор/Робот;Передний;2 комплектации
Hyundai Elantra;17 790 000;25 390 000;Бензин;1,5-2 л;114-149 л.с.;Автомат/Вариатор;Передний;9 комплектаций
Hyundai Santa Fe;14 490 000;15 490 000;Бензин;2,5 л;194-281 л.с.;Автомат/Робот;Полный;4 комплектации
Kia K5;20 639 100;21 084 100;Бензин;1,5-2 л;170-240 л.с.;Автомат/Робот;Передний;4 комплектации
Haval H9;63 000 000;88 000 000;Бензин;2 л;218 л.с.;Автомат;Полный;3 комплектации
Porsche Macan EV;12 290 000;15 100 000;Электричество;;355-630 л.с.;Автомат;Полный/Задний;5 комплектаций
Kia Sportage;10 990 000;10 990 000;Бензин;2-2,5 л;150-190 л.с.;Автомат;Передний/Полный;7 комплектаций
Kia Ceed;167 931 680;310 000 000;Бензин;1,5-1,6 л;128-150 л.с.;Автомат/Робот;Передний;2 комплектации
Porsche 911;9 490 000;13 590 000;Бензин/Гибрид;3-4 л;388-640 л.с.;Робот;Полный/Задний;12 комплектаций
Kia Soul;28 890 000;34 990 000;Бензин;1,6-2 л;123-149 л.с.;Автомат/Вариатор;Передний;6 комплектаций
Hyundai Palisade LX3;38 900 000;39 140 000;Бензин;2,5 л;249-281 л.с.;Автомат;Полный;6 комплектаций
Audi A6;11 190 000;16 990 000;Бензин/Дизель;2-3 л;163-340 л.с.;Автомат/Робот;Передний/Полный;4 комплектации
Toyota Corolla;10 400 000;13 700 000;Бензин;1,6 л;122 л.с.;Вариатор;Передний;4 комплектации
Deepal G318;12 480 000;18 000 000;Бензин/Гибрид;1,5 л;251-429 л.с.;Автомат;Полный/Задний;5 комплектаций
Chery Tiggo 2 Pro;5 890 000;6 490 000;Бензин;1,5 л;113 л.с.;Вариатор;Передний;1 комплектация
Kia K8;27 990 000;28 490 000;Бензин;3,5 л;300 л.с.;Автомат;Передний/Полный;3 комплектации
Zeekr 8X;34 300 000;61 900 000;Гибрид;2 л;897-1381 л.с.;Автомат;Полный;4 комплектации
Changan UNI-K;15 590 000;15 590 000;Бензин;2 л;226 л.с.;Автомат;Передний/Полный;3 комплектации
Wuling Starlight 560;9 390 000;11 400 000;Бензин/Гибрид/Электричество;136-197 л.с.;Автомат/Вариатор/Механика;Передний;4 комплектации
Geely Galaxy EX5;10 990 000;14 590 000;Электричество;;218 л.с.;Автомат;Передний;2 комплектации
Chevrolet Cobalt;6 490 000;6 790 000;Бензин;1,5 л;106 л.с.;Автомат/Механика;Передний;4 комплектации
Hyundai Sonata;12 290 000;17 990 000;Бензин;1,5-2,5 л;170-250 л.с.;Автомат;Передний;5 комплектаций
Jetour X70 Plus;10 990 000;12 490 000;Бензин;1,6 л;197 л.с.;Робот;Передний;1 комплектация
ВАЗ (Lada) Granta Седан;5 490 000;5 590 000;Бензин;1,6 л;90-106 л.с.;Автомат/Механика;Передний;8 комплектаций
Toyota RAV4 XA50;17 650 000;25 990 000;Бензин;2 л;173 л.с.;Вариатор;Полный;7 комплектаций
Chevrolet Onix;6 990 000;7 990 000;Бензин;1,2 л;90-132 л.с.;Автомат/Механика;Передний;5 комплектаций
Jetour X70;8 390 000;9 390 000;Бензин;1,5 л;156 л.с.;Робот;Передний;2 комплектации
ГАЗ ГАЗель NEXT;12 500 000;17 769 000;Бензин/Дизель/Газ-бензин;2,7-2,8 л;104-150 л.с.;Механика;Задний;30 комплектаций
Lexus ES;26 890 000;34 290 000;Бензин;2,5-3,5 л;201-249 л.с.;Автомат;Передний;7 комплектаций
BMW X5;45 000 000;75 000 000;Бензин/Дизель;3-4,4 л;298-625 л.с.;Автомат;Полный;2 комплектации
JAC J7;6 490 000;8 690 000;Бензин;1,5 л;136 л.с.;Вариатор/Механика;Передний;2 комплектации
Chery C8;8 990 000;8 990 000;Бензин;1,5 л;147 л.с.;Робот;Передний;1 комплектация
Changan Eado Plus;6 990 000;7 999 900;Бензин;1,5 л;103 л.с.;Робот;Передний;1 комплектация
Porsche Macan;58 000 000;68 990 000;Бензин;2-3 л;265-440 л.с.;Робот;Полный;7 комплектаций
Infiniti QX55;17 990 000;23 990 000;Бензин;2 л;249 л.с.;Вариатор;Полный;5 комплектаций
BYD Han;15 800 000;16 000 000;Гибрид/Электричество;139-517 л.с.;Автомат/Вариатор;Передний/Полный;1 комплектация
Hyundai Mufasa;11 990 000;14 290 000;Бензин;2 л;160 л.с.;Автомат;Передний;2 комплектации
Genesis G80;32 190 000;36 190 000;Бензин;2,5-3,5 л;249-379 л.с.;Автомат;Полный/Задний;2 комплектации
Genesis GV80;37 490 000;56 590 000;Бензин;2,5-3,5 л;249-379 л.с.;Автомат;Полный;2 комплектации
Omoda S5;6 990 000;7 490 000;Бензин;1,5 л;113-147 л.с.;Вариатор;Передний;2 комплектации
Geely Emgrand;6 990 000;9 290 000;Бензин;1,5 л;122 л.с.;Автомат/Механика;Передний;5 комплектаций
JAC JS8;10 290 000;13 290 000;Бензин;1,5 л;174 л.с.;Робот;Передний;2 комплектации
Geely Monjaro;13 900 000;16 590 000;Бензин;2 л;238 л.с.;Автомат;Полный;2 комплектации
Kia Cerato;8 990 000;10 490 000;Бензин;1,6-2 л;128-150 л.с.;Автомат/Механика;Передний;7 комплектаций
Geely Atlas;9 990 000;13 790 000;Бензин;1,5-2 л;174-238 л.с.;Автомат/Робот;Передний/Полный;4 комплектации
Infiniti QX50;21 990 000;28 990 000;Бензин;2 л;249 л.с.;Вариатор;Полный;8 комплектаций
Infiniti QX80 Z63;73 500 000;88 990 000;Бензин;3,5 л;450 л.с.;Автомат;Полный;4 комплектации
ВАЗ (Lada) Vesta SW Cross;9 980 000;9 980 000;Бензин;1,6-1,8 л;106-122 л.с.;Вариатор/Механика;Передний;6 комплектаций
Kia EV6;59 990 000;59 990 000;Электричество;;325 л.с.;Автомат;Полный;2 комплектации
Tank 700;37 130 000;71 000 000;Гибрид;3 л;354-517 л.с.;Автомат;Полный;1 комплектация
Smart #5;27 500 000;27 500 000;Электричество;;340-646 л.с.;Автомат;Полный/Задний;3 комплектации
Wuling Hongguang Reev;5 490 000;5 490 000;Гибрид/Электричество;102 л.с.;Автомат;Задний;1 комплектация
Smart #1;93 563 790;133 800 000;Электричество;;238-428 л.с.;Автомат;Полный/Задний;3 комплектации
Nissan Patrol Y61;108 000 000;121 573 984;Бензин/Дизель;3-4,8 л;135-280 л.с.;Автомат/Механика;Полный;2 комплектации
Mercedes-Benz GLB-Класс;35 773 360;39 500 000;Бензин/Дизель;1,3-2 л;116-306 л.с.;Робот;Передний/Полный;2 комплектации
Exeed TXL;134 000 000;147 838 000;Бензин;1,6-2 л;194-197 л.с.;Автомат/Робот;Полный;2 комплектации
Mercedes-Maybach S-Класс;168 446 000;180 000 000;Бензин;3-6 л;367-612 л.с.;Автомат;Полный;1 комплектация
Tesla Model S;36 599 000;43 298 000;Электричество;;382-1020 л.с.;Автомат;Полный/Задний;1 комплектация
Tesla Model Y;10 090 000;10 590 000;Электричество;;260-554 л.с.;Автомат;Полный/Задний;2 комплектации
Tesla Model X;13 490 000;13 490 000;Электричество;;670-1020 л.с.;Автомат;Полный
Chevrolet Monza;78 390 000;92 490 000;Бензин;1,3-1,5 л;113-163 л.с.;Автомат/Робот;Передний;2 комплектации
AITO M5;40 000 000;45 500 000;Гибрид;1,5 л;152-496 л.с.;Автомат;Полный;1 комплектация
AITO M7;9 700 000;11 000 000;Гибрид;1,5 л;152-449 л.с.;Автомат;Полный/Задний;5 комплектаций
Lexus LM;15 000 000;15 000 000;Гибрид;2,5 л;250 л.с.;Вариатор;Полный;4 комплектации
AITO M9;55 565 000;56 000 000;Гибрид;1,5 л;152-496 л.с.;Автомат;Полный;6 комплектаций
BYD Qin L;15 990 000;15 990 000;Гибрид;1,5 л;264-319 л.с.;Вариатор;Передний;3 комплектации
Changan Alsvin;20 500 000;22 000 000;Бензин;1,5 л;98 л.с.;Робот;Передний;1 комплектация
Baojun Yunduo Cloud;27 800 000;27 800 000;Электричество;;136 л.с.;Автомат;Передний;1 комплектация
DongFeng EP 007;29 500 000;36 000 000;Электричество;;218-544 л.с.;Автомат;Полный/Задний;3 комплектации
Mercedes-Benz EQS SUV;89 000 000;223 000 000;Электричество;;360-544 л.с.;Автомат;Полный/Задний;1 комплектация
Porsche Cayenne;16 990 000;19 330 000;Электричество;;442-1156 л.с.;Автомат;Полный;3 комплектации
Volkswagen Bora;12 920 000;14 100 000;Бензин;1,5 л;160 л.с.;Робот;Передний;2 комплектации
Mercedes-Benz G-Класс;149 000 000;218 000 000;Бензин/Дизель/Электричество;3-4 л;367-588 л.с.;Автомат/Робот;Полный;2 комплектации
Xiaomi YU7;28 500 000;32 000 000;Электричество;;320-690 л.с.;Автомат;Полный/Задний;3 комплектации
Deepal S05;10 700 000;11 950 000;Гибрид/Электричество;217-272 л.с.;Автомат;Задний;9 комплектаций
Voyah Free Plus;19 900 000;22 790 000;Гибрид;1,5 л;292-476 л.с.;Автомат;Полный/Задний;2 комплектации
Nissan Patrol;31 790 000;46 900 000;Бензин;4-5,6 л;275-428 л.с.;Автомат;Полный;1 комплектация
Zeekr 007;17 800 000;17 800 000;Электричество;;422-646 л.с.;Автомат;Полный/Задний;3 комплектации
Kia Carnival;21 990 000;29 390 000;Бензин;3,5 л;249 л.с.;Автомат;Передний;2 комплектации
Jetour T1;14 990 000;16 590 000;Бензин;2 л;254 л.с.;Автомат;Полный;2 комплектации
Avatr 12;21 990 000;21 990 000;Гибрид/Электричество;314-578 л.с.;Автомат;Полный/Задний;7 комплектаций
Jetta VS7;9 850 000;10 450 000;Бензин;1,4 л;150 л.с.;Автомат;Передний;2 комплектации
BMW XM;99 999 999;99 999 999;Гибрид;3-4,4 л;313-585 л.с.;Автомат;Полный;1 комплектация
GAC M8;15 990 000;15 990 000;Бензин;2 л;231 л.с.;Автомат;Передний;4 комплектации
MG RX9;43 990 000;43 990 000;Бензин;2 л;215 л.с.;Автомат;Полный;1 комплектация
Lexus ES;14 459 900;15 915 900;Гибрид/Электричество;247-342 л.с.;Автомат/Вариатор;Полный;3 комплектации
Great Wall Poer;11 160 000;12 010 000;Бензин;2 л;218 л.с.;Автомат/Механика;Полный;2 комплектации
Jetta VS8;16 390 000;16 990 000;Бензин;1,4 л;150 л.с.;Автомат;Передний;2 комплектации
Zeekr 009;46 990 000;62 990 000;Электричество;;544-789 л.с.;Автомат;Полный;2 комплектации
JAC JS6;7 790 000;10 990 000;Бензин;1,5 л;174 л.с.;Робот;Передний;2 комплектации
Nissan Patrol Y63;60 000 000;69 990 000;Бензин;3,5-3,8 л;316-495 л.с.;Автомат;Полный;5 комплектаций
Skoda Superb;18 990 000;20 990 000;Бензин;2 л;190-265 л.с.;Робот;Передний/Полный;4 комплектации
GAC S7;19 990 000;19 990 000;Гибрид;1,5 л;501 л.с.;Автомат;Полный;2 комплектации
Chery Arrizo 8;9 290 000;11 990 000;Бензин;1,6-2 л;150-197 л.с.;Автомат/Робот;Передний;3 комплектации
Mercedes-Benz S-Класс;56 500 000;116 898 000;Бензин/Дизель;2,9-4 л;249-503 л.с.;Автомат;Полный;1 комплектация
JAC T8 Pro;14 890 000;14 890 000;Бензин;2,4 л;204 л.с.;Механика;Полный
BMW iX3;36 490 000;36 490 000;Электричество;;320-470 л.с.;Автомат;Полный/Задний;1 комплектация
Denza N9;13 690 000;14 990 000;Гибрид;2 л;925 л.с.;Вариатор;Полный;2 комплектации
Chery Tiggo 9;12 910 500;12 910 500;Бензин;2 л;245 л.с.;Автомат;Полный;1 комплектация
Great Wall Wingle 7;76 605 000;99 125 000;Бензин/Дизель;2-2,4 л;143-149 л.с.;Механика;Полный;1 комплектация
Porsche Taycan Cross Turismo;10 000 000;10 999 000;Электричество;;408-775 л.с.;Автомат;Полный;11 комплектаций
ГАЗ ГАЗель;11 435 000;12 700 000;Бензин/Дизель/Газ-бензин;2,7-2,9 л;100-120 л.с.;Механика;Полный/Задний;13 комплектаций
ГАЗ Соболь;5 490 000;5 590 000;Бензин;2,7 л;107 л.с.;Механика;Полный/Задний
ВАЗ (Lada) Granta Лифтбек;13 490 000;16 890 000;Бензин;1,6 л;87-106 л.с.;Автомат/Механика;Передний;4 комплектации
Hyundai Custin;25 630 000;27 410 000;Бензин;1,5 л;170 л.с.;Автомат;Передний;2 комплектации
